Location,Month,PVOUT_avg_daily,PVOUT_annual_avg_daily,GHI_annual_avg_daily,DNI_annual_avg_daily,TEMP_annual_avg
Adelaide,1,5.639780521392822,4.348316192626953,4.785174369812012,5.347702980041504,16.334978103637695
Adelaide,2,5.386416912078857,4.348316192626953,4.785174369812012,5.347702980041504,16.334978103637695
Adelaide,3,4.873865604400635,4.348316192626953,4.785174369812012,5.347702980041504,16.334978103637695
Adelaide,4,4.169172286987305,4.348316192626953,4.785174369812012,5.347702980041504,16.334978103637695
Adelaide,5,3.105065107345581,4.348316192626953,4.785174369812012,5.347702980041504,16.334978103637695
Adelaide,6,2.881598711013794,4.348316192626953,4.785174369812012,5.347702980041504,16.334978103637695
Adelaide,7,2.8790786266326904,4.348316192626953,4.785174369812012,5.347702980041504,16.334978103637695
Adelaide,8,3.5269057750701904,4.348316192626953,4.785174369812012,5.347702980041504,16.334978103637695
Adelaide,9,4.34052038192749,4.348316192626953,4.785174369812012,5.347702980041504,16.334978103637695
Adelaide,10,5.025333881378174,4.348316192626953,4.785174369812012,5.347702980041504,16.334978103637695
Adelaide,11,5.193905830383301,4.348316192626953,4.785174369812012,5.347702980041504,16.334978103637695
Adelaide,12,5.224113941192627,4.348316192626953,4.785174369812012,5.347702980041504,16.334978103637695
Albany,1,4.843597888946533,3.8454132080078125,4.203291893005371,3.9238195419311523,15.513996124267578
Albany,2,4.470417499542236,3.8454132080078125,4.203291893005371,3.9238195419311523,15.513996124267578
Albany,3,4.001437664031982,3.8454132080078125,4.203291893005371,3.9238195419311523,15.513996124267578
Albany,4,3.4222371578216553,3.8454132080078125,4.203291893005371,3.9238195419311523,15.513996124267578
Albany,5,3.050117254257202,3.8454132080078125,4.203291893005371,3.9238195419311523,15.513996124267578
Albany,6,2.8313815593719482,3.8454132080078125,4.203291893005371,3.9238195419311523,15.513996124267578
Albany,7,2.8051984310150146,3.8454132080078125,4.203291893005371,3.9238195419311523,15.513996124267578
Albany,8,3.273864507675171,3.8454132080078125,4.203291893005371,3.9238195419311523,15.513996124267578
Albany,9,3.845327377319336,3.8454132080078125,4.203291893005371,3.9238195419311523,15.513996124267578
Albany,10,4.272207736968994,3.8454132080078125,4.203291893005371,3.9238195419311523,15.513996124267578
Albany,11,4.562713146209717,3.8454132080078125,4.203291893005371,3.9238195419311523,15.513996124267578
Albany,12,4.798566818237305,3.8454132080078125,4.203291893005371,3.9238195419311523,15.513996124267578
Albury,1,5.389636993408203,4.451210975646973,4.8191962242126465,5.74550724029541,15.253625869750977
Albury,2,5.201672077178955,4.451210975646973,4.8191962242126465,5.74550724029541,15.253625869750977
Albury,3,5.0128703117370605,4.451210975646973,4.8191962242126465,5.74550724029541,15.253625869750977
Albury,4,4.480749607086182,4.451210975646973,4.8191962242126465,5.74550724029541,15.253625869750977
Albury,5,3.557070255279541,4.451210975646973,4.8191962242126465,5.74550724029541,15.253625869750977
Albury,6,3.06864857673645,4.451210975646973,4.8191962242126465,5.74550724029541,15.253625869750977
Albury,7,2.999964475631714,4.451210975646973,4.8191962242126465,5.74550724029541,15.253625869750977
Albury,8,3.687131643295288,4.451210975646973,4.8191962242126465,5.74550724029541,15.253625869750977
Albury,9,4.6630730628967285,4.451210975646973,4.8191962242126465,5.74550724029541,15.253625869750977
Albury,10,5.140890121459961,4.451210975646973,4.8191962242126465,5.74550724029541,15.253625869750977
Albury,11,5.052615642547607,4.451210975646973,4.8191962242126465,5.74550724029541,15.253625869750977
Albury,12,5.209371089935303,4.451210975646973,4.8191962242126465,5.74550724029541,15.253625869750977
AliceSprings,1,4.899305820465088,5.238108158111572,6.147528171539307,7.671685218811035,21.73433494567871
AliceSprings,2,5.333611011505127,5.238108158111572,6.147528171539307,7.671685218811035,21.73433494567871
AliceSprings,3,5.362435817718506,5.238108158111572,6.147528171539307,7.671685218811035,21.73433494567871
AliceSprings,4,5.482049942016602,5.238108158111572,6.147528171539307,7.671685218811035,21.73433494567871
AliceSprings,5,5.066433906555176,5.238108158111572,6.147528171539307,7.671685218811035,21.73433494567871
AliceSprings,6,4.93720006942749,5.238108158111572,6.147528171539307,7.671685218811035,21.73433494567871
AliceSprings,7,5.17543363571167,5.238108158111572,6.147528171539307,7.671685218811035,21.73433494567871
AliceSprings,8,5.722911834716797,5.238108158111572,6.147528171539307,7.671685218811035,21.73433494567871
AliceSprings,9,5.645356178283691,5.238108158111572,6.147528171539307,7.671685218811035,21.73433494567871
AliceSprings,10,5.541493892669678,5.238108158111572,6.147528171539307,7.671685218811035,21.73433494567871
AliceSprings,11,4.9615936279296875,5.238108158111572,6.147528171539307,7.671685218811035,21.73433494567871
AliceSprings,12,4.740323066711426,5.238108158111572,6.147528171539307,7.671685218811035,21.73433494567871
BadgerysCreek,1,4.227555274963379,4.173910140991211,4.419452667236328,4.865993022918701,16.38269805908203
BadgerysCreek,2,3.9016854763031006,4.173910140991211,4.419452667236328,4.865993022918701,16.38269805908203
BadgerysCreek,3,4.020568370819092,4.173910140991211,4.419452667236328,4.865993022918701,16.38269805908203
BadgerysCreek,4,3.997058868408203,4.173910140991211,4.419452667236328,4.865993022918701,16.38269805908203
BadgerysCreek,5,4.124528408050537,4.173910140991211,4.419452667236328,4.865993022918701,16.38269805908203
BadgerysCreek,6,3.379193067550659,4.173910140991211,4.419452667236328,4.865993022918701,16.38269805908203
BadgerysCreek,7,4.1049485206604,4.173910140991211,4.419452667236328,4.865993022918701,16.38269805908203
BadgerysCreek,8,4.538815975189209,4.173910140991211,4.419452667236328,4.865993022918701,16.38269805908203
BadgerysCreek,9,4.903337001800537,4.173910140991211,4.419452667236328,4.865993022918701,16.38269805908203
BadgerysCreek,10,4.5163960456848145,4.173910140991211,4.419452667236328,4.865993022918701,16.38269805908203
BadgerysCreek,11,4.182955265045166,4.173910140991211,4.419452667236328,4.865993022918701,16.38269805908203
BadgerysCreek,12,4.158256530761719,4.173910140991211,4.419452667236328,4.865993022918701,16.38269805908203
Ballarat,1,5.3205671310424805,3.914771795272827,4.241317272186279,4.477201461791992,12.164566040039062
Ballarat,2,5.0112199783325195,3.914771795272827,4.241317272186279,4.477201461791992,12.164566040039062
Ballarat,3,4.541045665740967,3.914771795272827,4.241317272186279,4.477201461791992,12.164566040039062
Ballarat,4,3.614737033843994,3.914771795272827,4.241317272186279,4.477201461791992,12.164566040039062
Ballarat,5,2.740273952484131,3.914771795272827,4.241317272186279,4.477201461791992,12.164566040039062
Ballarat,6,2.390760898590088,3.914771795272827,4.241317272186279,4.477201461791992,12.164566040039062
Ballarat,7,2.5101871490478516,3.914771795272827,4.241317272186279,4.477201461791992,12.164566040039062
Ballarat,8,3.0913281440734863,3.914771795272827,4.241317272186279,4.477201461791992,12.164566040039062
Ballarat,9,3.803532600402832,3.914771795272827,4.241317272186279,4.477201461791992,12.164566040039062
Ballarat,10,4.439934730529785,3.914771795272827,4.241317272186279,4.477201461791992,12.164566040039062
Ballarat,11,4.615704536437988,3.914771795272827,4.241317272186279,4.477201461791992,12.164566040039062
Ballarat,12,4.9553022384643555,3.914771795272827,4.241317272186279,4.477201461791992,12.164566040039062
Bendigo,1,5.510566711425781,4.330327033996582,4.705913066864014,5.469465255737305,14.480175018310547
Bendigo,2,5.347975730895996,4.330327033996582,4.705913066864014,5.469465255737305,14.480175018310547
Bendigo,3,4.972797393798828,4.330327033996582,4.705913066864014,5.469465255737305,14.480175018310547
Bendigo,4,4.269050121307373,4.330327033996582,4.705913066864014,5.469465255737305,14.480175018310547
Bendigo,5,3.276296377182007,4.330327033996582,4.705913066864014,5.469465255737305,14.480175018310547
Bendigo,6,2.8607168197631836,4.330327033996582,4.705913066864014,5.469465255737305,14.480175018310547
Bendigo,7,2.763993501663208,4.330327033996582,4.705913066864014,5.469465255737305,14.480175018310547
Bendigo,8,3.4974708557128906,4.330327033996582,4.705913066864014,5.469465255737305,14.480175018310547
Bendigo,9,4.330150604248047,4.330327033996582,4.705913066864014,5.469465255737305,14.480175018310547
Bendigo,10,4.998956203460693,4.330327033996582,4.705913066864014,5.469465255737305,14.480175018310547
Bendigo,11,4.939505100250244,4.330327033996582,4.705913066864014,5.469465255737305,14.480175018310547
Bendigo,12,5.257196426391602,4.330327033996582,4.705913066864014,5.469465255737305,14.480175018310547
Brisbane,1,4.1894965171813965,4.361849308013916,4.901965141296387,5.185958385467529,19.920194625854492
Brisbane,2,4.246581554412842,4.361849308013916,4.901965141296387,5.185958385467529,19.920194625854492
Brisbane,3,4.092864036560059,4.361849308013916,4.901965141296387,5.185958385467529,19.920194625854492
Brisbane,4,4.325732231140137,4.361849308013916,4.901965141296387,5.185958385467529,19.920194625854492
Brisbane,5,4.2380194664001465,4.361849308013916,4.901965141296387,5.185958385467529,19.920194625854492
Brisbane,6,3.750282049179077,4.361849308013916,4.901965141296387,5.185958385467529,19.920194625854492
Brisbane,7,4.286107063293457,4.361849308013916,4.901965141296387,5.185958385467529,19.920194625854492
Brisbane,8,4.821778297424316,4.361849308013916,4.901965141296387,5.185958385467529,19.920194625854492
Brisbane,9,4.834625244140625,4.361849308013916,4.901965141296387,5.185958385467529,19.920194625854492
Brisbane,10,4.737167835235596,4.361849308013916,4.901965141296387,5.185958385467529,19.920194625854492
Brisbane,11,4.5951313972473145,4.361849308013916,4.901965141296387,5.185958385467529,19.920194625854492
Brisbane,12,4.215727806091309,4.361849308013916,4.901965141296387,5.185958385467529,19.920194625854492
Cairns,1,4.137566566467285,4.328814506530762,5.242614269256592,4.727407932281494,23.52245330810547
Cairns,2,4.088561058044434,4.328814506530762,5.242614269256592,4.727407932281494,23.52245330810547
Cairns,3,4.128175258636475,4.328814506530762,5.242614269256592,4.727407932281494,23.52245330810547
Cairns,4,4.170660495758057,4.328814506530762,5.242614269256592,4.727407932281494,23.52245330810547
Cairns,5,3.9110183715820312,4.328814506530762,5.242614269256592,4.727407932281494,23.52245330810547
Cairns,6,3.7809345722198486,4.328814506530762,5.242614269256592,4.727407932281494,23.52245330810547
Cairns,7,3.97794246673584,4.328814506530762,5.242614269256592,4.727407932281494,23.52245330810547
Cairns,8,4.621049404144287,4.328814506530762,5.242614269256592,4.727407932281494,23.52245330810547
Cairns,9,4.993921756744385,4.328814506530762,5.242614269256592,4.727407932281494,23.52245330810547
Cairns,10,4.922650337219238,4.328814506530762,5.242614269256592,4.727407932281494,23.52245330810547
Cairns,11,4.658389091491699,4.328814506530762,5.242614269256592,4.727407932281494,23.52245330810547
Cairns,12,4.5430521965026855,4.328814506530762,5.242614269256592,4.727407932281494,23.52245330810547
Canberra,1,5.068498611450195,4.558294296264648,4.802330493927002,5.685522079467773,12.580224990844727
Canberra,2,4.708202362060547,4.558294296264648,4.802330493927002,5.685522079467773,12.580224990844727
Canberra,3,4.744478702545166,4.558294296264648,4.802330493927002,5.685522079467773,12.580224990844727
Canberra,4,4.357399940490723,4.558294296264648,4.802330493927002,5.685522079467773,12.580224990844727
Canberra,5,4.189433574676514,4.558294296264648,4.802330493927002,5.685522079467773,12.580224990844727
Canberra,6,3.4135215282440186,4.558294296264648,4.802330493927002,5.685522079467773,12.580224990844727
Canberra,7,3.8535189628601074,4.558294296264648,4.802330493927002,5.685522079467773,12.580224990844727
Canberra,8,4.407395362854004,4.558294296264648,4.802330493927002,5.685522079467773,12.580224990844727
Canberra,9,5.062649250030518,4.558294296264648,4.802330493927002,5.685522079467773,12.580224990844727
Canberra,10,5.086545944213867,4.558294296264648,4.802330493927002,5.685522079467773,12.580224990844727
Canberra,11,4.841174602508545,4.558294296264648,4.802330493927002,5.685522079467773,12.580224990844727
Canberra,12,4.961930751800537,4.558294296264648,4.802330493927002,5.685522079467773,12.580224990844727
Cobar,1,5.160462379455566,4.821423530578613,5.366740703582764,6.7705183029174805,19.022457122802734
Cobar,2,5.1025919914245605,4.821423530578613,5.366740703582764,6.7705183029174805,19.022457122802734
Cobar,3,5.123641490936279,4.821423530578613,5.366740703582764,6.7705183029174805,19.022457122802734
Cobar,4,4.965189456939697,4.821423530578613,5.366740703582764,6.7705183029174805,19.022457122802734
Cobar,5,4.3067779541015625,4.821423530578613,5.366740703582764,6.7705183029174805,19.022457122802734
Cobar,6,3.6987271308898926,4.821423530578613,5.366740703582764,6.7705183029174805,19.022457122802734
Cobar,7,4.12568998336792,4.821423530578613,5.366740703582764,6.7705183029174805,19.022457122802734
Cobar,8,4.6207661628723145,4.821423530578613,5.366740703582764,6.7705183029174805,19.022457122802734
Cobar,9,5.296183109283447,4.821423530578613,5.366740703582764,6.7705183029174805,19.022457122802734
Cobar,10,5.395773410797119,4.821423530578613,5.366740703582764,6.7705183029174805,19.022457122802734
Cobar,11,4.945764541625977,4.821423530578613,5.366740703582764,6.7705183029174805,19.022457122802734
Cobar,12,5.128152847290039,4.821423530578613,5.366740703582764,6.7705183029174805,19.022457122802734
CoffsHarbour,1,4.343243598937988,4.33414888381958,4.728972434997559,5.0828938484191895,18.15271759033203
CoffsHarbour,2,4.382051944732666,4.33414888381958,4.728972434997559,5.0828938484191895,18.15271759033203
CoffsHarbour,3,4.21646785736084,4.33414888381958,4.728972434997559,5.0828938484191895,18.15271759033203
CoffsHarbour,4,4.217933654785156,4.33414888381958,4.728972434997559,5.0828938484191895,18.15271759033203
CoffsHarbour,5,4.133472919464111,4.33414888381958,4.728972434997559,5.0828938484191895,18.15271759033203
CoffsHarbour,6,3.6245460510253906,4.33414888381958,4.728972434997559,5.0828938484191895,18.15271759033203
CoffsHarbour,7,4.171028137207031,4.33414888381958,4.728972434997559,5.0828938484191895,18.15271759033203
CoffsHarbour,8,4.73228120803833,4.33414888381958,4.728972434997559,5.0828938484191895,18.15271759033203
CoffsHarbour,9,4.860096454620361,4.33414888381958,4.728972434997559,5.0828938484191895,18.15271759033203
CoffsHarbour,10,4.682742118835449,4.33414888381958,4.728972434997559,5.0828938484191895,18.15271759033203
CoffsHarbour,11,4.395732879638672,4.33414888381958,4.728972434997559,5.0828938484191895,18.15271759033203
CoffsHarbour,12,4.246886253356934,4.33414888381958,4.728972434997559,5.0828938484191895,18.15271759033203
Dartmoor,1,5.091845512390137,3.6926937103271484,4.014895439147949,3.880291700363159,13.859050750732422
Dartmoor,2,4.683510780334473,3.6926937103271484,4.014895439147949,3.880291700363159,13.859050750732422
Dartmoor,3,4.151314735412598,3.6926937103271484,4.014895439147949,3.880291700363159,13.859050750732422
Dartmoor,4,3.2712650299072266,3.6926937103271484,4.014895439147949,3.880291700363159,13.859050750732422
Dartmoor,5,2.5188145637512207,3.6926937103271484,4.014895439147949,3.880291700363159,13.859050750732422
Dartmoor,6,2.3487069606781006,3.6926937103271484,4.014895439147949,3.880291700363159,13.859050750732422
Dartmoor,7,2.486079692840576,3.6926937103271484,4.014895439147949,3.880291700363159,13.859050750732422
Dartmoor,8,2.9633255004882812,3.6926937103271484,4.014895439147949,3.880291700363159,13.859050750732422
Dartmoor,9,3.5722498893737793,3.6926937103271484,4.014895439147949,3.880291700363159,13.859050750732422
Dartmoor,10,4.156601428985596,3.6926937103271484,4.014895439147949,3.880291700363159,13.859050750732422
Dartmoor,11,4.3319783210754395,3.6926937103271484,4.014895439147949,3.880291700363159,13.859050750732422
Dartmoor,12,4.784323215484619,3.6926937103271484,4.014895439147949,3.880291700363159,13.859050750732422
Darwin,1,3.561795711517334,4.661949634552002,5.7418293952941895,5.520270824432373,27.322546005249023
Darwin,2,3.8826498985290527,4.661949634552002,5.7418293952941895,5.520270824432373,27.322546005249023
Darwin,3,4.288589000701904,4.661949634552002,5.7418293952941895,5.520270824432373,27.322546005249023
Darwin,4,4.910679340362549,4.661949634552002,5.7418293952941895,5.520270824432373,27.322546005249023
Darwin,5,4.937103748321533,4.661949634552002,5.7418293952941895,5.520270824432373,27.322546005249023
Darwin,6,5.0708327293396,4.661949634552002,5.7418293952941895,5.520270824432373,27.322546005249023
Darwin,7,5.208965301513672,4.661949634552002,5.7418293952941895,5.520270824432373,27.322546005249023
Darwin,8,5.48800802230835,4.661949634552002,5.7418293952941895,5.520270824432373,27.322546005249023
Darwin,9,5.3365068435668945,4.661949634552002,5.7418293952941895,5.520270824432373,27.322546005249023
Darwin,10,5.051408290863037,4.661949634552002,5.7418293952941895,5.520270824432373,27.322546005249023
Darwin,11,4.3959760665893555,4.661949634552002,5.7418293952941895,5.520270824432373,27.322546005249023
Darwin,12,3.7761592864990234,4.661949634552002,5.7418293952941895,5.520270824432373,27.322546005249023
GoldCoast,1,4.500927925109863,4.508301734924316,5.039303779602051,5.428553581237793,19.892566680908203
GoldCoast,2,4.55499267578125,4.508301734924316,5.039303779602051,5.428553581237793,19.892566680908203
GoldCoast,3,4.38054895401001,4.508301734924316,5.039303779602051,5.428553581237793,19.892566680908203
GoldCoast,4,4.47052526473999,4.508301734924316,5.039303779602051,5.428553581237793,19.892566680908203
GoldCoast,5,4.2737956047058105,4.508301734924316,5.039303779602051,5.428553581237793,19.892566680908203
GoldCoast,6,3.7542638778686523,4.508301734924316,5.039303779602051,5.428553581237793,19.892566680908203
GoldCoast,7,4.3048415184021,4.508301734924316,5.039303779602051,5.428553581237793,19.892566680908203
GoldCoast,8,4.85321569442749,4.508301734924316,5.039303779602051,5.428553581237793,19.892566680908203
GoldCoast,9,4.938987731933594,4.508301734924316,5.039303779602051,5.428553581237793,19.892566680908203
GoldCoast,10,4.879009246826172,4.508301734924316,5.039303779602051,5.428553581237793,19.892566680908203
GoldCoast,11,4.767146110534668,4.508301734924316,5.039303779602051,5.428553581237793,19.892566680908203
GoldCoast,12,4.422273635864258,4.508301734924316,5.039303779602051,5.428553581237793,19.892566680908203
Hobart,1,4.6807475090026855,3.587991952896118,3.652329683303833,3.57330060005188,11.444890022277832
Hobart,2,4.367349147796631,3.587991952896118,3.652329683303833,3.57330060005188,11.444890022277832
Hobart,3,3.869400978088379,3.587991952896118,3.652329683303833,3.57330060005188,11.444890022277832
Hobart,4,3.179206609725952,3.587991952896118,3.652329683303833,3.57330060005188,11.444890022277832
Hobart,5,2.5338757038116455,3.587991952896118,3.652329683303833,3.57330060005188,11.444890022277832
Hobart,6,2.3664026260375977,3.587991952896118,3.652329683303833,3.57330060005188,11.444890022277832
Hobart,7,2.599911689758301,3.587991952896118,3.652329683303833,3.57330060005188,11.444890022277832
Hobart,8,3.038142442703247,3.587991952896118,3.652329683303833,3.57330060005188,11.444890022277832
Hobart,9,3.626202344894409,3.587991952896118,3.652329683303833,3.57330060005188,11.444890022277832
Hobart,10,4.226603031158447,3.587991952896118,3.652329683303833,3.57330060005188,11.444890022277832
Hobart,11,4.131627082824707,3.587991952896118,3.652329683303833,3.57330060005188,11.444890022277832
Hobart,12,4.471978187561035,3.587991952896118,3.652329683303833,3.57330060005188,11.444890022277832
Katherine,1,4.054915428161621,4.96168327331543,6.1156005859375,6.457334518432617,26.91398048400879
Katherine,2,4.34221887588501,4.96168327331543,6.1156005859375,6.457334518432617,26.91398048400879
Katherine,3,4.760366916656494,4.96168327331543,6.1156005859375,6.457334518432617,26.91398048400879
Katherine,4,5.251066207885742,4.96168327331543,6.1156005859375,6.457334518432617,26.91398048400879
Katherine,5,5.182401180267334,4.96168327331543,6.1156005859375,6.457334518432617,26.91398048400879
Katherine,6,5.263150215148926,4.96168327331543,6.1156005859375,6.457334518432617,26.91398048400879
Katherine,7,5.422860145568848,4.96168327331543,6.1156005859375,6.457334518432617,26.91398048400879
Katherine,8,5.696380615234375,4.96168327331543,6.1156005859375,6.457334518432617,26.91398048400879
Katherine,9,5.484171390533447,4.96168327331543,6.1156005859375,6.457334518432617,26.91398048400879
Katherine,10,5.186984062194824,4.96168327331543,6.1156005859375,6.457334518432617,26.91398048400879
Katherine,11,4.6202874183654785,4.96168327331543,6.1156005859375,6.457334518432617,26.91398048400879
Katherine,12,4.245163440704346,4.96168327331543,6.1156005859375,6.457334518432617,26.91398048400879
Launceston,1,5.222109317779541,4.009640216827393,4.118261814117432,4.520958423614502,12.03559684753418
Launceston,2,4.830965042114258,4.009640216827393,4.118261814117432,4.520958423614502,12.03559684753418
Launceston,3,4.419594764709473,4.009640216827393,4.118261814117432,4.520958423614502,12.03559684753418
Launceston,4,3.6540043354034424,4.009640216827393,4.118261814117432,4.520958423614502,12.03559684753418
Launceston,5,2.9712696075439453,4.009640216827393,4.118261814117432,4.520958423614502,12.03559684753418
Launceston,6,2.715205430984497,4.009640216827393,4.118261814117432,4.520958423614502,12.03559684753418
Launceston,7,2.8571009635925293,4.009640216827393,4.118261814117432,4.520958423614502,12.03559684753418
Launceston,8,3.2690820693969727,4.009640216827393,4.118261814117432,4.520958423614502,12.03559684753418
Launceston,9,3.833956718444824,4.009640216827393,4.118261814117432,4.520958423614502,12.03559684753418
Launceston,10,4.6194939613342285,4.009640216827393,4.118261814117432,4.520958423614502,12.03559684753418
Launceston,11,4.75270414352417,4.009640216827393,4.118261814117432,4.520958423614502,12.03559684753418
Launceston,12,5.008191108703613,4.009640216827393,4.118261814117432,4.520958423614502,12.03559684753418
Melbourne,1,5.0212483406066895,3.823127508163452,4.128873348236084,4.277979373931885,14.6587495803833
Melbourne,2,4.791472911834717,3.823127508163452,4.128873348236084,4.277979373931885,14.6587495803833
Melbourne,3,4.3286542892456055,3.823127508163452,4.128873348236084,4.277979373931885,14.6587495803833
Melbourne,4,3.535792589187622,3.823127508163452,4.128873348236084,4.277979373931885,14.6587495803833
Melbourne,5,2.683842658996582,3.823127508163452,4.128873348236084,4.277979373931885,14.6587495803833
Melbourne,6,2.464714765548706,3.823127508163452,4.128873348236084,4.277979373931885,14.6587495803833
Melbourne,7,2.6718530654907227,3.823127508163452,4.128873348236084,4.277979373931885,14.6587495803833
Melbourne,8,3.1061620712280273,3.823127508163452,4.128873348236084,4.277979373931885,14.6587495803833
Melbourne,9,3.735974073410034,3.823127508163452,4.128873348236084,4.277979373931885,14.6587495803833
Melbourne,10,4.342042922973633,3.823127508163452,4.128873348236084,4.277979373931885,14.6587495803833
Melbourne,11,4.432345390319824,3.823127508163452,4.128873348236084,4.277979373931885,14.6587495803833
Melbourne,12,4.813254356384277,3.823127508163452,4.128873348236084,4.277979373931885,14.6587495803833
MelbourneAirport,1,4.961593151092529,3.845785617828369,4.139966011047363,4.3055009841918945,13.869914054870605
MelbourneAirport,2,4.697571754455566,3.845785617828369,4.139966011047363,4.3055009841918945,13.869914054870605
MelbourneAirport,3,4.323511123657227,3.845785617828369,4.139966011047363,4.3055009841918945,13.869914054870605
MelbourneAirport,4,3.534532308578491,3.845785617828369,4.139966011047363,4.3055009841918945,13.869914054870605
MelbourneAirport,5,2.7934999465942383,3.845785617828369,4.139966011047363,4.3055009841918945,13.869914054870605
MelbourneAirport,6,2.5331058502197266,3.845785617828369,4.139966011047363,4.3055009841918945,13.869914054870605
MelbourneAirport,7,2.7878658771514893,3.845785617828369,4.139966011047363,4.3055009841918945,13.869914054870605
MelbourneAirport,8,3.226590871810913,3.845785617828369,4.139966011047363,4.3055009841918945,13.869914054870605
MelbourneAirport,9,3.8599870204925537,3.845785617828369,4.139966011047363,4.3055009841918945,13.869914054870605
MelbourneAirport,10,4.298958778381348,3.845785617828369,4.139966011047363,4.3055009841918945,13.869914054870605
MelbourneAirport,11,4.41272497177124,3.845785617828369,4.139966011047363,4.3055009841918945,13.869914054870605
MelbourneAirport,12,4.761322498321533,3.845785617828369,4.139966011047363,4.3055009841918945,13.869914054870605
Mildura,1,5.421392440795898,4.726729869842529,5.199461936950684,6.411465644836426,17.556982040405273
Mildura,2,5.431250095367432,4.726729869842529,5.199461936950684,6.411465644836426,17.556982040405273
Mildura,3,5.265552043914795,4.726729869842529,5.199461936950684,6.411465644836426,17.556982040405273
Mildura,4,4.681570053100586,4.726729869842529,5.199461936950684,6.411465644836426,17.556982040405273
Mildura,5,3.8740339279174805,4.726729869842529,5.199461936950684,6.411465644836426,17.556982040405273
Mildura,6,3.5077478885650635,4.726729869842529,5.199461936950684,6.411465644836426,17.556982040405273
Mildura,7,3.5304369926452637,4.726729869842529,5.199461936950684,6.411465644836426,17.556982040405273
Mildura,8,4.22911262512207,4.726729869842529,5.199461936950684,6.411465644836426,17.556982040405273
Mildura,9,4.9785332679748535,4.726729869842529,5.199461936950684,6.411465644836426,17.556982040405273
Mildura,10,5.3267502784729,4.726729869842529,5.199461936950684,6.411465644836426,17.556982040405273
Mildura,11,5.159400939941406,4.726729869842529,5.199461936950684,6.411465644836426,17.556982040405273
Mildura,12,5.35868501663208,4.726729869842529,5.199461936950684,6.411465644836426,17.556982040405273
Moree,1,4.950818061828613,4.860227108001709,5.428899765014648,6.578616619110107,19.636125564575195
Moree,2,5.053494930267334,4.860227108001709,5.428899765014648,6.578616619110107,19.636125564575195
Moree,3,5.065394878387451,4.860227108001709,5.428899765014648,6.578616619110107,19.636125564575195
Moree,4,5.02377986907959,4.860227108001709,5.428899765014648,6.578616619110107,19.636125564575195
Moree,5,4.548016548156738,4.860227108001709,5.428899765014648,6.578616619110107,19.636125564575195
Moree,6,3.9877512454986572,4.860227108001709,5.428899765014648,6.578616619110107,19.636125564575195
Moree,7,4.431942462921143,4.860227108001709,5.428899765014648,6.578616619110107,19.636125564575195
Moree,8,5.015500068664551,4.860227108001709,5.428899765014648,6.578616619110107,19.636125564575195
Moree,9,5.290844440460205,4.860227108001709,5.428899765014648,6.578616619110107,19.636125564575195
Moree,10,5.253454208374023,4.860227108001709,5.428899765014648,6.578616619110107,19.636125564575195
Moree,11,4.865873336791992,4.860227108001709,5.428899765014648,6.578616619110107,19.636125564575195
Moree,12,4.843952178955078,4.860227108001709,5.428899765014648,6.578616619110107,19.636125564575195
MountGambier,1,5.201940536499023,3.8126139640808105,4.114371299743652,4.0347137451171875,13.936624526977539
MountGambier,2,4.800618648529053,3.8126139640808105,4.114371299743652,4.0347137451171875,13.936624526977539
MountGambier,3,4.266861915588379,3.8126139640808105,4.114371299743652,4.0347137451171875,13.936624526977539
MountGambier,4,3.4024012088775635,3.8126139640808105,4.114371299743652,4.0347137451171875,13.936624526977539
MountGambier,5,2.606112003326416,3.8126139640808105,4.114371299743652,4.0347137451171875,13.936624526977539
MountGambier,6,2.4609453678131104,3.8126139640808105,4.114371299743652,4.0347137451171875,13.936624526977539
MountGambier,7,2.612969398498535,3.8126139640808105,4.114371299743652,4.0347137451171875,13.936624526977539
MountGambier,8,3.1329147815704346,3.8126139640808105,4.114371299743652,4.0347137451171875,13.936624526977539
MountGambier,9,3.6737608909606934,3.8126139640808105,4.114371299743652,4.0347137451171875,13.936624526977539
MountGambier,10,4.278079032897949,3.8126139640808105,4.114371299743652,4.0347137451171875,13.936624526977539
MountGambier,11,4.468973636627197,3.8126139640808105,4.114371299743652,4.0347137451171875,13.936624526977539
MountGambier,12,4.893070220947266,3.8126139640808105,4.114371299743652,4.0347137451171875,13.936624526977539
MountGinini,1,5.152331352233887,4.3505167961120605,4.562534332275391,5.17273473739624,9.34183406829834
MountGinini,2,4.652693271636963,4.3505167961120605,4.562534332275391,5.17273473739624,9.34183406829834
MountGinini,3,4.642997741699219,4.3505167961120605,4.562534332275391,5.17273473739624,9.34183406829834
MountGinini,4,4.0784454345703125,4.3505167961120605,4.562534332275391,5.17273473739624,9.34183406829834
MountGinini,5,3.7318320274353027,4.3505167961120605,4.562534332275391,5.17273473739624,9.34183406829834
MountGinini,6,3.1456198692321777,4.3505167961120605,4.562534332275391,5.17273473739624,9.34183406829834
MountGinini,7,3.3938393592834473,4.3505167961120605,4.562534332275391,5.17273473739624,9.34183406829834
MountGinini,8,3.9425880908966064,4.3505167961120605,4.562534332275391,5.17273473739624,9.34183406829834
MountGinini,9,4.775340557098389,4.3505167961120605,4.562534332275391,5.17273473739624,9.34183406829834
MountGinini,10,5.0326128005981445,4.3505167961120605,4.562534332275391,5.17273473739624,9.34183406829834
MountGinini,11,4.705216884613037,4.3505167961120605,4.562534332275391,5.17273473739624,9.34183406829834
MountGinini,12,4.957141399383545,4.3505167961120605,4.562534332275391,5.17273473739624,9.34183406829834
Newcastle,1,4.6967082023620605,4.324509143829346,4.671088218688965,5.158271789550781,18.241666793823242
Newcastle,2,4.530101776123047,4.324509143829346,4.671088218688965,5.158271789550781,18.241666793823242
Newcastle,3,4.522312641143799,4.324509143829346,4.671088218688965,5.158271789550781,18.241666793823242
Newcastle,4,4.043666839599609,4.324509143829346,4.671088218688965,5.158271789550781,18.241666793823242
Newcastle,5,3.899631977081299,4.324509143829346,4.671088218688965,5.158271789550781,18.241666793823242
Newcastle,6,3.123472213745117,4.324509143829346,4.671088218688965,5.158271789550781,18.241666793823242
Newcastle,7,3.853402853012085,4.324509143829346,4.671088218688965,5.158271789550781,18.241666793823242
Newcastle,8,4.496088027954102,4.324509143829346,4.671088218688965,5.158271789550781,18.241666793823242
Newcastle,9,4.861073970794678,4.324509143829346,4.671088218688965,5.158271789550781,18.241666793823242
Newcastle,10,4.746236324310303,4.324509143829346,4.671088218688965,5.158271789550781,18.241666793823242
Newcastle,11,4.514328479766846,4.324509143829346,4.671088218688965,5.158271789550781,18.241666793823242
Newcastle,12,4.600766181945801,4.324509143829346,4.671088218688965,5.158271789550781,18.241666793823242
Nhil,1,5.541769027709961,4.39139986038208,4.767253875732422,5.515890121459961,14.871210098266602
Nhil,2,5.406617641448975,4.39139986038208,4.767253875732422,5.515890121459961,14.871210098266602
Nhil,3,4.95167875289917,4.39139986038208,4.767253875732422,5.515890121459961,14.871210098266602
Nhil,4,4.277015209197998,4.39139986038208,4.767253875732422,5.515890121459961,14.871210098266602
Nhil,5,3.321780204772949,4.39139986038208,4.767253875732422,5.515890121459961,14.871210098266602
Nhil,6,3.066758155822754,4.39139986038208,4.767253875732422,5.515890121459961,14.871210098266602
Nhil,7,3.0520505905151367,4.39139986038208,4.767253875732422,5.515890121459961,14.871210098266602
Nhil,8,3.7044572830200195,4.39139986038208,4.767253875732422,5.515890121459961,14.871210098266602
Nhil,9,4.395121097564697,4.39139986038208,4.767253875732422,5.515890121459961,14.871210098266602
Nhil,10,4.896707534790039,4.39139986038208,4.767253875732422,5.515890121459961,14.871210098266602
Nhil,11,4.951167583465576,4.39139986038208,4.767253875732422,5.515890121459961,14.871210098266602
Nhil,12,5.193396091461182,4.39139986038208,4.767253875732422,5.515890121459961,14.871210098266602
NorahHead,1,4.613705635070801,4.287174224853516,4.621798038482666,5.113403797149658,18.130069732666016
NorahHead,2,4.465190887451172,4.287174224853516,4.621798038482666,5.113403797149658,18.130069732666016
NorahHead,3,4.480284690856934,4.287174224853516,4.621798038482666,5.113403797149658,18.130069732666016
NorahHead,4,4.026416778564453,4.287174224853516,4.621798038482666,5.113403797149658,18.130069732666016
NorahHead,5,3.8520705699920654,4.287174224853516,4.621798038482666,5.113403797149658,18.130069732666016
NorahHead,6,3.087559938430786,4.287174224853516,4.621798038482666,5.113403797149658,18.130069732666016
NorahHead,7,3.8468399047851562,4.287174224853516,4.621798038482666,5.113403797149658,18.130069732666016
NorahHead,8,4.455597400665283,4.287174224853516,4.621798038482666,5.113403797149658,18.130069732666016
NorahHead,9,4.806630611419678,4.287174224853516,4.621798038482666,5.113403797149658,18.130069732666016
NorahHead,10,4.715084552764893,4.287174224853516,4.621798038482666,5.113403797149658,18.130069732666016
NorahHead,11,4.5308518409729,4.287174224853516,4.621798038482666,5.113403797149658,18.130069732666016
NorahHead,12,4.559103488922119,4.287174224853516,4.621798038482666,5.113403797149658,18.130069732666016
Nuriootpa,1,5.534848213195801,4.396439075469971,4.867241382598877,5.586370944976807,15.343891143798828
Nuriootpa,2,5.323750972747803,4.396439075469971,4.867241382598877,5.586370944976807,15.343891143798828
Nuriootpa,3,4.907473087310791,4.396439075469971,4.867241382598877,5.586370944976807,15.343891143798828
Nuriootpa,4,4.262067794799805,4.396439075469971,4.867241382598877,5.586370944976807,15.343891143798828
Nuriootpa,5,3.3068461418151855,4.396439075469971,4.867241382598877,5.586370944976807,15.343891143798828
Nuriootpa,6,3.0145225524902344,4.396439075469971,4.867241382598877,5.586370944976807,15.343891143798828
Nuriootpa,7,3.053807497024536,4.396439075469971,4.867241382598877,5.586370944976807,15.343891143798828
Nuriootpa,8,3.6960995197296143,4.396439075469971,4.867241382598877,5.586370944976807,15.343891143798828
Nuriootpa,9,4.440968036651611,4.396439075469971,4.867241382598877,5.586370944976807,15.343891143798828
Nuriootpa,10,4.98756742477417,4.396439075469971,4.867241382598877,5.586370944976807,15.343891143798828
Nuriootpa,11,5.127144813537598,4.396439075469971,4.867241382598877,5.586370944976807,15.343891143798828
Nuriootpa,12,5.160449981689453,4.396439075469971,4.867241382598877,5.586370944976807,15.343891143798828
PearceRAAF,1,5.6064252853393555,4.734893321990967,5.348506450653076,6.321133136749268,18.693023681640625
PearceRAAF,2,5.562853813171387,4.734893321990967,5.348506450653076,6.321133136749268,18.693023681640625
PearceRAAF,3,5.361737251281738,4.734893321990967,5.348506450653076,6.321133136749268,18.693023681640625
PearceRAAF,4,4.506072521209717,4.734893321990967,5.348506450653076,6.321133136749268,18.693023681640625
PearceRAAF,5,4.030637264251709,4.734893321990967,5.348506450653076,6.321133136749268,18.693023681640625
PearceRAAF,6,3.552311897277832,4.734893321990967,5.348506450653076,6.321133136749268,18.693023681640625
PearceRAAF,7,3.4183740615844727,4.734893321990967,5.348506450653076,6.321133136749268,18.693023681640625
PearceRAAF,8,3.994971752166748,4.734893321990967,5.348506450653076,6.321133136749268,18.693023681640625
PearceRAAF,9,4.521783828735352,4.734893321990967,5.348506450653076,6.321133136749268,18.693023681640625
PearceRAAF,10,5.111825466156006,4.734893321990967,5.348506450653076,6.321133136749268,18.693023681640625
PearceRAAF,11,5.558099746704102,4.734893321990967,5.348506450653076,6.321133136749268,18.693023681640625
PearceRAAF,12,5.641110897064209,4.734893321990967,5.348506450653076,6.321133136749268,18.693023681640625
Penrith,1,4.183022499084473,4.121304035186768,4.372300624847412,4.762788772583008,16.112472534179688
Penrith,2,3.856027364730835,4.121304035186768,4.372300624847412,4.762788772583008,16.112472534179688
Penrith,3,3.9785349369049072,4.121304035186768,4.372300624847412,4.762788772583008,16.112472534179688
Penrith,4,3.940673351287842,4.121304035186768,4.372300624847412,4.762788772583008,16.112472534179688
Penrith,5,4.072709560394287,4.121304035186768,4.372300624847412,4.762788772583008,16.112472534179688
Penrith,6,3.3158366680145264,4.121304035186768,4.372300624847412,4.762788772583008,16.112472534179688
Penrith,7,4.034188270568848,4.121304035186768,4.372300624847412,4.762788772583008,16.112472534179688
Penrith,8,4.502873420715332,4.121304035186768,4.372300624847412,4.762788772583008,16.112472534179688
Penrith,9,4.851738929748535,4.121304035186768,4.372300624847412,4.762788772583008,16.112472534179688
Penrith,10,4.4563493728637695,4.121304035186768,4.372300624847412,4.762788772583008,16.112472534179688
Penrith,11,4.117351531982422,4.121304035186768,4.372300624847412,4.762788772583008,16.112472534179688
Penrith,12,4.114235877990723,4.121304035186768,4.372300624847412,4.762788772583008,16.112472534179688
Perth,1,5.701371669769287,4.7782487869262695,5.3678297996521,6.345362663269043,18.95232582092285
Perth,2,5.644748687744141,4.7782487869262695,5.3678297996521,6.345362663269043,18.95232582092285
Perth,3,5.441311836242676,4.7782487869262695,5.3678297996521,6.345362663269043,18.95232582092285
Perth,4,4.513255596160889,4.7782487869262695,5.3678297996521,6.345362663269043,18.95232582092285
Perth,5,3.9776973724365234,4.7782487869262695,5.3678297996521,6.345362663269043,18.95232582092285
Perth,6,3.5073511600494385,4.7782487869262695,5.3678297996521,6.345362663269043,18.95232582092285
Perth,7,3.366830348968506,4.7782487869262695,5.3678297996521,6.345362663269043,18.95232582092285
Perth,8,3.9941649436950684,4.7782487869262695,5.3678297996521,6.345362663269043,18.95232582092285
Perth,9,4.615171909332275,4.7782487869262695,5.3678297996521,6.345362663269043,18.95232582092285
Perth,10,5.172459602355957,4.7782487869262695,5.3678297996521,6.345362663269043,18.95232582092285
Perth,11,5.681774616241455,4.7782487869262695,5.3678297996521,6.345362663269043,18.95232582092285
Perth,12,5.774295330047607,4.7782487869262695,5.3678297996521,6.345362663269043,18.95232582092285
PerthAirport,1,5.656495094299316,4.728183269500732,5.332273960113525,6.307190418243408,18.890277862548828
PerthAirport,2,5.620805740356445,4.728183269500732,5.332273960113525,6.307190418243408,18.890277862548828
PerthAirport,3,5.3939208984375,4.728183269500732,5.332273960113525,6.307190418243408,18.890277862548828
PerthAirport,4,4.487046241760254,4.728183269500732,5.332273960113525,6.307190418243408,18.890277862548828
PerthAirport,5,3.9548380374908447,4.728183269500732,5.332273960113525,6.307190418243408,18.890277862548828
PerthAirport,6,3.5097548961639404,4.728183269500732,5.332273960113525,6.307190418243408,18.890277862548828
PerthAirport,7,3.3348631858825684,4.728183269500732,5.332273960113525,6.307190418243408,18.890277862548828
PerthAirport,8,3.9301133155822754,4.728183269500732,5.332273960113525,6.307190418243408,18.890277862548828
PerthAirport,9,4.501814842224121,4.728183269500732,5.332273960113525,6.307190418243408,18.890277862548828
PerthAirport,10,5.0910420417785645,4.728183269500732,5.332273960113525,6.307190418243408,18.890277862548828
PerthAirport,11,5.601062774658203,4.728183269500732,5.332273960113525,6.307190418243408,18.890277862548828
PerthAirport,12,5.709680557250977,4.728183269500732,5.332273960113525,6.307190418243408,18.890277862548828
Portland,1,5.038939952850342,3.6971993446350098,3.9705190658569336,3.6950325965881348,14.162956237792969
Portland,2,4.527856826782227,3.6971993446350098,3.9705190658569336,3.6950325965881348,14.162956237792969
Portland,3,4.11997652053833,3.6971993446350098,3.9705190658569336,3.6950325965881348,14.162956237792969
Portland,4,3.3062806129455566,3.6971993446350098,3.9705190658569336,3.6950325965881348,14.162956237792969
Portland,5,2.4907963275909424,3.6971993446350098,3.9705190658569336,3.6950325965881348,14.162956237792969
Portland,6,2.2485952377319336,3.6971993446350098,3.9705190658569336,3.6950325965881348,14.162956237792969
Portland,7,2.4061222076416016,3.6971993446350098,3.9705190658569336,3.6950325965881348,14.162956237792969
Portland,8,3.005723714828491,3.6971993446350098,3.9705190658569336,3.6950325965881348,14.162956237792969
Portland,9,3.6861648559570312,3.6971993446350098,3.9705190658569336,3.6950325965881348,14.162956237792969
Portland,10,4.283815860748291,3.6971993446350098,3.9705190658569336,3.6950325965881348,14.162956237792969
Portland,11,4.413109302520752,3.6971993446350098,3.9705190658569336,3.6950325965881348,14.162956237792969
Portland,12,4.876366138458252,3.6971993446350098,3.9705190658569336,3.6950325965881348,14.162956237792969
Richmond,1,4.221795558929443,4.145925045013428,4.419423580169678,4.837071895599365,16.570453643798828
Richmond,2,3.9275434017181396,4.145925045013428,4.419423580169678,4.837071895599365,16.570453643798828
Richmond,3,4.034193515777588,4.145925045013428,4.419423580169678,4.837071895599365,16.570453643798828
Richmond,4,3.969115972518921,4.145925045013428,4.419423580169678,4.837071895599365,16.570453643798828
Richmond,5,4.080526828765869,4.145925045013428,4.419423580169678,4.837071895599365,16.570453643798828
Richmond,6,3.3018088340759277,4.145925045013428,4.419423580169678,4.837071895599365,16.570453643798828
Richmond,7,3.9994568824768066,4.145925045013428,4.419423580169678,4.837071895599365,16.570453643798828
Richmond,8,4.529908657073975,4.145925045013428,4.419423580169678,4.837071895599365,16.570453643798828
Richmond,9,4.862179279327393,4.145925045013428,4.419423580169678,4.837071895599365,16.570453643798828
Richmond,10,4.466411590576172,4.145925045013428,4.419423580169678,4.837071895599365,16.570453643798828
Richmond,11,4.1597065925598145,4.145925045013428,4.419423580169678,4.837071895599365,16.570453643798828
Richmond,12,4.169402122497559,4.145925045013428,4.419423580169678,4.837071895599365,16.570453643798828
Sale,1,4.760866641998291,3.9870517253875732,4.186584949493408,4.485411643981934,14.201716423034668
Sale,2,4.454079627990723,3.9870517253875732,4.186584949493408,4.485411643981934,14.201716423034668
Sale,3,4.233780860900879,3.9870517253875732,4.186584949493408,4.485411643981934,14.201716423034668
Sale,4,3.7217769622802734,3.9870517253875732,4.186584949493408,4.485411643981934,14.201716423034668
Sale,5,3.182272434234619,3.9870517253875732,4.186584949493408,4.485411643981934,14.201716423034668
Sale,6,2.902662992477417,3.9870517253875732,4.186584949493408,4.485411643981934,14.201716423034668
Sale,7,3.2506651878356934,3.9870517253875732,4.186584949493408,4.485411643981934,14.201716423034668
Sale,8,3.6383562088012695,3.9870517253875732,4.186584949493408,4.485411643981934,14.201716423034668
Sale,9,4.183380126953125,3.9870517253875732,4.186584949493408,4.485411643981934,14.201716423034668
Sale,10,4.481075286865234,3.9870517253875732,4.186584949493408,4.485411643981934,14.201716423034668
Sale,11,4.391171932220459,3.9870517253875732,4.186584949493408,4.485411643981934,14.201716423034668
Sale,12,4.661656856536865,3.9870517253875732,4.186584949493408,4.485411643981934,14.201716423034668
SalmonGums,1,5.237714767456055,4.590119361877441,5.0223236083984375,5.805210590362549,16.471492767333984
SalmonGums,2,5.000161170959473,4.590119361877441,5.0223236083984375,5.805210590362549,16.471492767333984
SalmonGums,3,4.781784534454346,4.590119361877441,5.0223236083984375,5.805210590362549,16.471492767333984
SalmonGums,4,4.385179042816162,4.590119361877441,5.0223236083984375,5.805210590362549,16.471492767333984
SalmonGums,5,3.8946664333343506,4.590119361877441,5.0223236083984375,5.805210590362549,16.471492767333984
SalmonGums,6,3.6167795658111572,4.590119361877441,5.0223236083984375,5.805210590362549,16.471492767333984
SalmonGums,7,3.7543771266937256,4.590119361877441,5.0223236083984375,5.805210590362549,16.471492767333984
SalmonGums,8,4.289565563201904,4.590119361877441,5.0223236083984375,5.805210590362549,16.471492767333984
SalmonGums,9,4.850733757019043,4.590119361877441,5.0223236083984375,5.805210590362549,16.471492767333984
SalmonGums,10,5.0062575340271,4.590119361877441,5.0223236083984375,5.805210590362549,16.471492767333984
SalmonGums,11,5.0692877769470215,4.590119361877441,5.0223236083984375,5.805210590362549,16.471492767333984
SalmonGums,12,5.217062473297119,4.590119361877441,5.0223236083984375,5.805210590362549,16.471492767333984
Sydney,1,4.45767068862915,4.184277534484863,4.477590560913086,4.847326755523682,17.73977279663086
Sydney,2,4.193352222442627,4.184277534484863,4.477590560913086,4.847326755523682,17.73977279663086
Sydney,3,4.1994500160217285,4.184277534484863,4.477590560913086,4.847326755523682,17.73977279663086
Sydney,4,3.931809186935425,4.184277534484863,4.477590560913086,4.847326755523682,17.73977279663086
Sydney,5,3.9376726150512695,4.184277534484863,4.477590560913086,4.847326755523682,17.73977279663086
Sydney,6,3.09161376953125,4.184277534484863,4.477590560913086,4.847326755523682,17.73977279663086
Sydney,7,3.863201856613159,4.184277534484863,4.477590560913086,4.847326755523682,17.73977279663086
Sydney,8,4.370124816894531,4.184277534484863,4.477590560913086,4.847326755523682,17.73977279663086
Sydney,9,4.787552356719971,4.184277534484863,4.477590560913086,4.847326755523682,17.73977279663086
Sydney,10,4.592520236968994,4.184277534484863,4.477590560913086,4.847326755523682,17.73977279663086
Sydney,11,4.3679704666137695,4.184277534484863,4.477590560913086,4.847326755523682,17.73977279663086
Sydney,12,4.401102066040039,4.184277534484863,4.477590560913086,4.847326755523682,17.73977279663086
SydneyAirport,1,4.490527153015137,4.210611343383789,4.501316070556641,4.881525039672852,17.719772338867188
SydneyAirport,2,4.224688529968262,4.210611343383789,4.501316070556641,4.881525039672852,17.719772338867188
SydneyAirport,3,4.2344889640808105,4.210611343383789,4.501316070556641,4.881525039672852,17.719772338867188
SydneyAirport,4,3.9717047214508057,4.210611343383789,4.501316070556641,4.881525039672852,17.719772338867188
SydneyAirport,5,3.9610660076141357,4.210611343383789,4.501316070556641,4.881525039672852,17.719772338867188
SydneyAirport,6,3.1192727088928223,4.210611343383789,4.501316070556641,4.881525039672852,17.719772338867188
SydneyAirport,7,3.8764455318450928,4.210611343383789,4.501316070556641,4.881525039672852,17.719772338867188
SydneyAirport,8,4.381625175476074,4.210611343383789,4.501316070556641,4.881525039672852,17.719772338867188
SydneyAirport,9,4.809370517730713,4.210611343383789,4.501316070556641,4.881525039672852,17.719772338867188
SydneyAirport,10,4.618356704711914,4.210611343383789,4.501316070556641,4.881525039672852,17.719772338867188
SydneyAirport,11,4.396731853485107,4.210611343383789,4.501316070556641,4.881525039672852,17.719772338867188
SydneyAirport,12,4.426659107208252,4.210611343383789,4.501316070556641,4.881525039672852,17.719772338867188
Townsville,1,4.376314640045166,4.7559614181518555,5.71459436416626,6.028894901275635,24.07370948791504
Townsville,2,4.456023216247559,4.7559614181518555,5.71459436416626,6.028894901275635,24.07370948791504
Townsville,3,4.451788425445557,4.7559614181518555,5.71459436416626,6.028894901275635,24.07370948791504
Townsville,4,4.774518013000488,4.7559614181518555,5.71459436416626,6.028894901275635,24.07370948791504
Townsville,5,4.375974178314209,4.7559614181518555,5.71459436416626,6.028894901275635,24.07370948791504
Townsville,6,4.178940773010254,4.7559614181518555,5.71459436416626,6.028894901275635,24.07370948791504
Townsville,7,4.583384037017822,4.7559614181518555,5.71459436416626,6.028894901275635,24.07370948791504
Townsville,8,5.121337413787842,4.7559614181518555,5.71459436416626,6.028894901275635,24.07370948791504
Townsville,9,5.429747104644775,4.7559614181518555,5.71459436416626,6.028894901275635,24.07370948791504
Townsville,10,5.393538475036621,4.7559614181518555,5.71459436416626,6.028894901275635,24.07370948791504
Townsville,11,5.034218788146973,4.7559614181518555,5.71459436416626,6.028894901275635,24.07370948791504
Townsville,12,4.881706237792969,4.7559614181518555,5.71459436416626,6.028894901275635,24.07370948791504
Tuggeranong,1,5.043058395385742,4.56789493560791,4.7842206954956055,5.651847839355469,12.082103729248047
Tuggeranong,2,4.671668529510498,4.56789493560791,4.7842206954956055,5.651847839355469,12.082103729248047
Tuggeranong,3,4.743760585784912,4.56789493560791,4.7842206954956055,5.651847839355469,12.082103729248047
Tuggeranong,4,4.38460636138916,4.56789493560791,4.7842206954956055,5.651847839355469,12.082103729248047
Tuggeranong,5,4.223015785217285,4.56789493560791,4.7842206954956055,5.651847839355469,12.082103729248047
Tuggeranong,6,3.4850964546203613,4.56789493560791,4.7842206954956055,5.651847839355469,12.082103729248047
Tuggeranong,7,3.9207897186279297,4.56789493560791,4.7842206954956055,5.651847839355469,12.082103729248047
Tuggeranong,8,4.451096534729004,4.56789493560791,4.7842206954956055,5.651847839355469,12.082103729248047
Tuggeranong,9,5.088997840881348,4.56789493560791,4.7842206954956055,5.651847839355469,12.082103729248047
Tuggeranong,10,5.054483413696289,4.56789493560791,4.7842206954956055,5.651847839355469,12.082103729248047
Tuggeranong,11,4.7892351150512695,4.56789493560791,4.7842206954956055,5.651847839355469,12.082103729248047
Tuggeranong,12,4.950908184051514,4.56789493560791,4.7842206954956055,5.651847839355469,12.082103729248047
Uluru,1,4.984118938446045,5.21097993850708,6.077840328216553,7.763280868530273,22.318115234375
Uluru,2,5.315714359283447,5.21097993850708,6.077840328216553,7.763280868530273,22.318115234375
Uluru,3,5.285077095031738,5.21097993850708,6.077840328216553,7.763280868530273,22.318115234375
Uluru,4,5.2839884757995605,5.21097993850708,6.077840328216553,7.763280868530273,22.318115234375
Uluru,5,4.94252872467041,5.21097993850708,6.077840328216553,7.763280868530273,22.318115234375
Uluru,6,4.747429370880127,5.21097993850708,6.077840328216553,7.763280868530273,22.318115234375
Uluru,7,5.115429401397705,5.21097993850708,6.077840328216553,7.763280868530273,22.318115234375
Uluru,8,5.627635478973389,5.21097993850708,6.077840328216553,7.763280868530273,22.318115234375
Uluru,9,5.709652423858643,5.21097993850708,6.077840328216553,7.763280868530273,22.318115234375
Uluru,10,5.524414539337158,5.21097993850708,6.077840328216553,7.763280868530273,22.318115234375
Uluru,11,5.046498775482178,5.21097993850708,6.077840328216553,7.763280868530273,22.318115234375
Uluru,12,4.956860542297363,5.21097993850708,6.077840328216553,7.763280868530273,22.318115234375
WaggaWagga,1,5.333151817321777,4.546455383300781,4.951287269592285,5.966333389282227,16.142187118530273
WaggaWagga,2,5.144482135772705,4.546455383300781,4.951287269592285,5.966333389282227,16.142187118530273
WaggaWagga,3,5.110187530517578,4.546455383300781,4.951287269592285,5.966333389282227,16.142187118530273
WaggaWagga,4,4.569544792175293,4.546455383300781,4.951287269592285,5.966333389282227,16.142187118530273
WaggaWagga,5,3.852597951889038,4.546455383300781,4.951287269592285,5.966333389282227,16.142187118530273
WaggaWagga,6,3.1994240283966064,4.546455383300781,4.951287269592285,5.966333389282227,16.142187118530273
WaggaWagga,7,3.228868246078491,4.546455383300781,4.951287269592285,5.966333389282227,16.142187118530273
WaggaWagga,8,3.9285314083099365,4.546455383300781,4.951287269592285,5.966333389282227,16.142187118530273
WaggaWagga,9,4.830555438995361,4.546455383300781,4.951287269592285,5.966333389282227,16.142187118530273
WaggaWagga,10,5.202479839324951,4.546455383300781,4.951287269592285,5.966333389282227,16.142187118530273
WaggaWagga,11,4.964488506317139,4.546455383300781,4.951287269592285,5.966333389282227,16.142187118530273
WaggaWagga,12,5.225993633270264,4.546455383300781,4.951287269592285,5.966333389282227,16.142187118530273
Walpole,1,4.955965995788574,3.7833917140960693,4.160688877105713,3.8359181880950928,15.615315437316895
Walpole,2,4.6297430992126465,3.7833917140960693,4.160688877105713,3.8359181880950928,15.615315437316895
Walpole,3,4.043155193328857,3.7833917140960693,4.160688877105713,3.8359181880950928,15.615315437316895
Walpole,4,3.4019055366516113,3.7833917140960693,4.160688877105713,3.8359181880950928,15.615315437316895
Walpole,5,2.926581382751465,3.7833917140960693,4.160688877105713,3.8359181880950928,15.615315437316895
Walpole,6,2.6103243827819824,3.7833917140960693,4.160688877105713,3.8359181880950928,15.615315437316895
Walpole,7,2.630885124206543,3.7833917140960693,4.160688877105713,3.8359181880950928,15.615315437316895
Walpole,8,3.127213954925537,3.7833917140960693,4.160688877105713,3.8359181880950928,15.615315437316895
Walpole,9,3.631554126739502,3.7833917140960693,4.160688877105713,3.8359181880950928,15.615315437316895
Walpole,10,4.1939215660095215,3.7833917140960693,4.160688877105713,3.8359181880950928,15.615315437316895
Walpole,11,4.525929927825928,3.7833917140960693,4.160688877105713,3.8359181880950928,15.615315437316895
Walpole,12,4.7675628662109375,3.7833917140960693,4.160688877105713,3.8359181880950928,15.615315437316895
Watsonia,1,4.971120834350586,3.760305881500244,4.08089542388916,4.198331356048584,14.425647735595703
Watsonia,2,4.710338115692139,3.760305881500244,4.08089542388916,4.198331356048584,14.425647735595703
Watsonia,3,4.280812740325928,3.760305881500244,4.08089542388916,4.198331356048584,14.425647735595703
Watsonia,4,3.4913103580474854,3.760305881500244,4.08089542388916,4.198331356048584,14.425647735595703
Watsonia,5,2.6306357383728027,3.760305881500244,4.08089542388916,4.198331356048584,14.425647735595703
Watsonia,6,2.407907485961914,3.760305881500244,4.08089542388916,4.198331356048584,14.425647735595703
Watsonia,7,2.63373064994812,3.760305881500244,4.08089542388916,4.198331356048584,14.425647735595703
Watsonia,8,3.052269458770752,3.760305881500244,4.08089542388916,4.198331356048584,14.425647735595703
Watsonia,9,3.648622751235962,3.760305881500244,4.08089542388916,4.198331356048584,14.425647735595703
Watsonia,10,4.245842933654785,3.760305881500244,4.08089542388916,4.198331356048584,14.425647735595703
Watsonia,11,4.345056056976318,3.760305881500244,4.08089542388916,4.198331356048584,14.425647735595703
Watsonia,12,4.753122806549072,3.760305881500244,4.08089542388916,4.198331356048584,14.425647735595703
Williamtown,1,4.624574661254883,4.279908180236816,4.632084846496582,5.0520853996276855,18.331493377685547
Williamtown,2,4.467057704925537,4.279908180236816,4.632084846496582,5.0520853996276855,18.331493377685547
Williamtown,3,4.459761142730713,4.279908180236816,4.632084846496582,5.0520853996276855,18.331493377685547
Williamtown,4,3.988827705383301,4.279908180236816,4.632084846496582,5.0520853996276855,18.331493377685547
Williamtown,5,3.9033472537994385,4.279908180236816,4.632084846496582,5.0520853996276855,18.331493377685547
Williamtown,6,3.1299126148223877,4.279908180236816,4.632084846496582,5.0520853996276855,18.331493377685547
Williamtown,7,3.842634439468384,4.279908180236816,4.632084846496582,5.0520853996276855,18.331493377685547
Williamtown,8,4.4677886962890625,4.279908180236816,4.632084846496582,5.0520853996276855,18.331493377685547
Williamtown,9,4.822861671447754,4.279908180236816,4.632084846496582,5.0520853996276855,18.331493377685547
Williamtown,10,4.676372528076172,4.279908180236816,4.632084846496582,5.0520853996276855,18.331493377685547
Williamtown,11,4.442025184631348,4.279908180236816,4.632084846496582,5.0520853996276855,18.331493377685547
Williamtown,12,4.526625156402588,4.279908180236816,4.632084846496582,5.0520853996276855,18.331493377685547
Witchcliffe,1,5.608437538146973,4.179290294647217,4.641071796417236,4.690700054168701,16.545578002929688
Witchcliffe,2,5.34844446182251,4.179290294647217,4.641071796417236,4.690700054168701,16.545578002929688
Witchcliffe,3,4.797963619232178,4.179290294647217,4.641071796417236,4.690700054168701,16.545578002929688
Witchcliffe,4,3.82879376411438,4.179290294647217,4.641071796417236,4.690700054168701,16.545578002929688
Witchcliffe,5,3.1543965339660645,4.179290294647217,4.641071796417236,4.690700054168701,16.545578002929688
Witchcliffe,6,2.7128889560699463,4.179290294647217,4.641071796417236,4.690700054168701,16.545578002929688
Witchcliffe,7,2.7209434509277344,4.179290294647217,4.641071796417236,4.690700054168701,16.545578002929688
Witchcliffe,8,3.29575514793396,4.179290294647217,4.641071796417236,4.690700054168701,16.545578002929688
Witchcliffe,9,3.794281244277954,4.179290294647217,4.641071796417236,4.690700054168701,16.545578002929688
Witchcliffe,10,4.568315029144287,4.179290294647217,4.641071796417236,4.690700054168701,16.545578002929688
Witchcliffe,11,5.0186920166015625,4.179290294647217,4.641071796417236,4.690700054168701,16.545578002929688
Witchcliffe,12,5.36223840713501,4.179290294647217,4.641071796417236,4.690700054168701,16.545578002929688
Wollongong,1,4.366027355194092,4.123574733734131,4.355877876281738,4.7249555587768555,16.3332576751709
Wollongong,2,3.980224132537842,4.123574733734131,4.355877876281738,4.7249555587768555,16.3332576751709
Wollongong,3,4.038266658782959,4.123574733734131,4.355877876281738,4.7249555587768555,16.3332576751709
Wollongong,4,3.881056547164917,4.123574733734131,4.355877876281738,4.7249555587768555,16.3332576751709
Wollongong,5,3.9779770374298096,4.123574733734131,4.355877876281738,4.7249555587768555,16.3332576751709
Wollongong,6,3.1422510147094727,4.123574733734131,4.355877876281738,4.7249555587768555,16.3332576751709
Wollongong,7,3.9113686084747314,4.123574733734131,4.355877876281738,4.7249555587768555,16.3332576751709
Wollongong,8,4.33512020111084,4.123574733734131,4.355877876281738,4.7249555587768555,16.3332576751709
Wollongong,9,4.78751802444458,4.123574733734131,4.355877876281738,4.7249555587768555,16.3332576751709
Wollongong,10,4.561798572540283,4.123574733734131,4.355877876281738,4.7249555587768555,16.3332576751709
Wollongong,11,4.254814147949219,4.123574733734131,4.355877876281738,4.7249555587768555,16.3332576751709
Wollongong,12,4.2198100090026855,4.123574733734131,4.355877876281738,4.7249555587768555,16.3332576751709
Woomera,1,5.417194843292236,5.045424461364746,5.63051700592041,7.107914447784424,19.470996856689453
Woomera,2,5.460296630859375,5.045424461364746,5.63051700592041,7.107914447784424,19.470996856689453
Woomera,3,5.336220741271973,5.045424461364746,5.63051700592041,7.107914447784424,19.470996856689453
Woomera,4,4.981438636779785,5.045424461364746,5.63051700592041,7.107914447784424,19.470996856689453
Woomera,5,4.366023063659668,5.045424461364746,5.63051700592041,7.107914447784424,19.470996856689453
Woomera,6,4.102610111236572,5.045424461364746,5.63051700592041,7.107914447784424,19.470996856689453
Woomera,7,4.34341287612915,5.045424461364746,5.63051700592041,7.107914447784424,19.470996856689453
Woomera,8,4.941577911376953,5.045424461364746,5.63051700592041,7.107914447784424,19.470996856689453
Woomera,9,5.604078769683838,5.045424461364746,5.63051700592041,7.107914447784424,19.470996856689453
Woomera,10,5.473842620849609,5.045424461364746,5.63051700592041,7.107914447784424,19.470996856689453
Woomera,11,5.280519962310791,5.045424461364746,5.63051700592041,7.107914447784424,19.470996856689453
Woomera,12,5.267895221710205,5.045424461364746,5.63051700592041,7.107914447784424,19.470996856689453
